"name","email","department","sys_id"
"survey user","survey.user@email.com","","005d500b536073005e0addeeff7b12f4"
"Lucius Bagnoli","lucius.bagnoli@example.com","Customer Support","02826bf03710200044e0bfc8bcbe5d3f"
"Jimmie Barninger","jimmie.barninger@example.com","Customer Support","02826bf03710200044e0bfc8bcbe5d55"
"Melinda Carleton","melinda.carleton@example.com","Customer Support","02826bf03710200044e0bfc8bcbe5d5e"
"Jewel Agresta","jewel.agresta@example.com","Customer Support","02826bf03710200044e0bfc8bcbe5d64"
"Sean Bonnet","sean.bonnet@example.com","Customer Support","02826bf03710200044e0bfc8bcbe5d6d"
"Jacinto Gawron","jacinto.gawron@example.com","Customer Support","02826bf03710200044e0bfc8bcbe5d76"
"Krystle Stika","krystle.stika@example.com","Development","02826bf03710200044e0bfc8bcbe5d7f"
"Billie Cowley","billie.cowley@example.com","Development","02826bf03710200044e0bfc8bcbe5d88"
"Christian Marnell","christian.marnell@example.com","Finance","02826bf03710200044e0bfc8bcbe5d91"
"Naomi Greenly","naomi.greenly@example.com","Sales","0382abf03710200044e0bfc8bcbe5d42"
"Tom Diggins-Barnes","tom.diggins-barnes@example.com","IT","04d8edbdb7517210693cfeb0be11a9ca"
"Jess Assad","jess.assad@example.com","Customer Support","06826bf03710200044e0bfc8bcbe5d41"
"Cherie Fuhri","cherie.fuhri@example.com","Customer Support","06826bf03710200044e0bfc8bcbe5d57"
"Geri Forness","geri.forness@example.com","Customer Support","06826bf03710200044e0bfc8bcbe5d66"
"Nelly Jakuboski","nelly.jakuboski@example.com","Customer Support","06826bf03710200044e0bfc8bcbe5d6f"
"Dwain Cuttitta","dwain.cuttitta@example.com","Customer Support","06826bf03710200044e0bfc8bcbe5d78"
"Justina Dragaj","justina.dragaj@example.com","Development","06826bf03710200044e0bfc8bcbe5d81"
"Allyson Gillispie","allyson.gillispie@example.com","Development","06826bf03710200044e0bfc8bcbe5d8a"
"Bridget Knightly","bridget.knightly@example.com","Finance","06826bf03710200044e0bfc8bcbe5d93"
"Certification User","certification@example.com","","06f97342c37030009b5efcfc5bba8fc3"
"Dollie Pillitteri","dollie.pillitteri@example.com","Sales","0782abf03710200044e0bfc8bcbe5d3b"
"Elmo Gabouer","elmo.gabouer@example.com","Sales","0782abf03710200044e0bfc8bcbe5d44"
"Suresh Yekollu","suresh.yekollu@example.com","Development","0802b90dc3313000bac1addbdfba8fdb"
"User 1","help.desk@example.com","","08e4bcf053231300e321ddeeff7b12f8"
"Derek Kreutzbender","derek.kreutzbender@example.com","Customer Support","0a826bf03710200044e0bfc8bcbe5d43"
"Vanessa Lewallen","vanessa.lewallen@example.com","Customer Support","0a826bf03710200044e0bfc8bcbe5d59"
"Carmel Overfelt","carmel.overfelt@example.com","Customer Support","0a826bf03710200044e0bfc8bcbe5d68"
"Mabel Weeden","mabel.weeden@example.com","Customer Support","0a826bf03710200044e0bfc8bcbe5d71"
"Adela Cervantsz","adela.cervantsz@example.com","Customer Support","0a826bf03710200044e0bfc8bcbe5d7a"
"Eva Seahorn","eva.seahorn@example.com","Development","0a826bf03710200044e0bfc8bcbe5d83"
"Christa Bodenschatz","christa.bodenschatz@example.com","Finance","0a826bf03710200044e0bfc8bcbe5d8c"
"Devon Teston","devon.teston@example.com","Finance","0a826bf03710200044e0bfc8bcbe5d95"
"External Bot","","","0aaffaaeff002210b093fffffffffff0"
"DataManager Job Runner","","","0adf9f0fff3522100d1dffffffffffbf"
"Miquel Demicco","miquel.demicco@example.com","Sales","0b82abf03710200044e0bfc8bcbe5d3d"
"Rob Phillips","rob.phillips@example.com","Sales","0d5b61dfc0a8026601c8e80d8bb57f6e"
"Ross Spurger","ross.spurger@example.com","Customer Support","0e826bf03710200044e0bfc8bcbe5d45"
"Rachel Larrison","rachel.larrison@example.com","Customer Support","0e826bf03710200044e0bfc8bcbe5d5b"
"Logan Muhl","logan.muhl@example.com","Customer Support","0e826bf03710200044e0bfc8bcbe5d61"
"Valerie Pou","valerie.pou@example.com","Customer Support","0e826bf03710200044e0bfc8bcbe5d6a"
"Kathleen Beresnyak","kathleen.beresnyak@example.com","Customer Support","0e826bf03710200044e0bfc8bcbe5d73"
"Ramon Amaral","ramon.amaral@example.com","Development","0e826bf03710200044e0bfc8bcbe5d7c"
"Cyril Behen","cyril.behen@example.com","Development","0e826bf03710200044e0bfc8bcbe5d85"
"Karen Flierl","karen.flierl@example.com","Finance","0e826bf03710200044e0bfc8bcbe5d8e"
"Lucas Santellana","lucas.santellana@example.com","Finance","0e826bf03710200044e0bfc8bcbe5d97"
"Renae Eldrige","renae.eldrige@example.com","Sales","0f82abf03710200044e0bfc8bcbe5d3f"
"Timothy Janski","timothy.janski@example.com","HR","12826bf03710200044e0bfc8bcbe5d9f"
"Savannah Kesich","savannah.kesich@example.com","HR","12826bf03710200044e0bfc8bcbe5da8"
"Alfonso Griglen","alfonso.griglen@example.com","IT","12826bf03710200044e0bfc8bcbe5db1"
"Gisela Kosicki","gisela.kosicki@example.com","IT","12826bf03710200044e0bfc8bcbe5dba"
"Kyle Lindauer","kyle.lindauer@example.com","IT","12826bf03710200044e0bfc8bcbe5dc3"
"Mildred Gallegas","mildred.gallegas@example.com","IT","12826bf03710200044e0bfc8bcbe5dcc"
"SOAP Guest","","","155699460a0a0b2b009e27c10b7f68f6"
"Veronica Radman","veronica.radman@example.com","HR","16826bf03710200044e0bfc8bcbe5da1"
"Kennith Peto","kennith.peto@example.com","IT","16826bf03710200044e0bfc8bcbe5daa"
"Terrell Rodda","terrell.rodda@example.com","IT","16826bf03710200044e0bfc8bcbe5db3"
"Zane Sulikowski","zane.sulikowski@example.com","IT","16826bf03710200044e0bfc8bcbe5dbc"
"Hilario Cassa","hilario.cassa@example.com","IT","16826bf03710200044e0bfc8bcbe5dc5"
"Van Leanen","van.leanen@example.com","IT","16826bf03710200044e0bfc8bcbe5dce"
"Manifah Masood","manifah.masood@example.com","Development","1832fbe1d701120035ae23c7ce610369"
"Stephen Seiters","stephen.seiters@example.com","HR","1a826bf03710200044e0bfc8bcbe5da3"
"Vernon Engelman","vernon.engelman@example.com","IT","1a826bf03710200044e0bfc8bcbe5dac"
"Pierre Salera","pierre.salera@example.com","IT","1a826bf03710200044e0bfc8bcbe5db5"
"Sandra Graen","sandra.graen@example.com","IT","1a826bf03710200044e0bfc8bcbe5dbe"
"Concetta Sarchett","concetta.sarchett@example.com","IT","1a826bf03710200044e0bfc8bcbe5dc7"
"Joey Sedore","joey.sedore@example.com","IT","1a826bf03710200044e0bfc8bcbe5dd0"
"Corinne Cowan","corinne.cowan@example.com","Finance","1e826bf03710200044e0bfc8bcbe5d9c"
"Tammie Schwartzwalde","tammie.schwartzwalde@example.com","HR","1e826bf03710200044e0bfc8bcbe5da5"
"Frankie Morein","frankie.morein@example.com","IT","1e826bf03710200044e0bfc8bcbe5dae"
"Mara Vanderzwaag","mara.vanderzwaag@example.com","IT","1e826bf03710200044e0bfc8bcbe5db7"
"Maurine Monroy","maurine.monroy@example.com","IT","1e826bf03710200044e0bfc8bcbe5dc0"
"Antony Thierauf","antony.thierauf@example.com","IT","1e826bf03710200044e0bfc8bcbe5dc9"
"Denice Nordlinger","denice.nordlinger@example.com","IT","1e826bf03710200044e0bfc8bcbe5dd2"
"SLA Admin","sla.admin@example.com","","2256f8059336220050bef157b67ffb9e"
"Lora Lendor","lora.lendor@example.com","IT","22826bf03710200044e0bfc8bcbe5dda"
"Henrietta Cintora","henrietta.cintora@example.com","IT","22826bf03710200044e0bfc8bcbe5de3"
"Alejandra Prenatt","alejandra.prenatt@example.com","Product Management","22826bf03710200044e0bfc8bcbe5dec"
"Thomas Jefferson","thomas.jefferson@example.com","","2428c7f0eb32010045e1a5115206feb8"
"Janet Schaffter","janet.schaffter@example.com","IT","26826bf03710200044e0bfc8bcbe5ddc"
"Darren Merlin","darren.merlin@example.com","IT","26826bf03710200044e0bfc8bcbe5de5"
"Elisa Gracely","elisa.gracely@example.com","Product Management","26826bf03710200044e0bfc8bcbe5dee"
"Problem Administrator","problem.admin@example.com","","26fbff173b331300ad3cc9bb34efc4bd"
"Karyn Jinks","karyn.jinks@example.com","IT","2a826bf03710200044e0bfc8bcbe5dd5"
"Dwayne Maddalena","dwayne.maddalena@example.com","IT","2a826bf03710200044e0bfc8bcbe5dde"
"Bryant Bouliouris","bryant.bouliouris@example.com","Product Management","2a826bf03710200044e0bfc8bcbe5de7"
"Beverley Bunche","beverley.bunche@example.com","Product Management","2a826bf03710200044e0bfc8bcbe5df0"
"Security Center Data Collection User","","","2acfb2fb8cdd03100a22deb6dd2b4e90"
"Sophie Langner","sophie.langner@example.com","IT","2e826bf03710200044e0bfc8bcbe5dd7"
"Alyssa Biasotti","alyssa.biasotti@example.com","IT","2e826bf03710200044e0bfc8bcbe5de0"
"Elaine Renzi","elaine.renzi@example.com","Product Management","2e826bf03710200044e0bfc8bcbe5de9"
"Password Admin","pwd.admin@example.com","","2fc94d35eb32010045e1a5115206fe22"
"Nirali Patel","","Development","30ad318577ab2300454792718a10619e"
"Peggy Hohlstein","peggy.hohlstein@example.com","Customer Support","31826bf03710200044e0bfc8bcbe5d1a"
"Misty Ericksen","misty.ericksen@example.com","Customer Support","31826bf03710200044e0bfc8bcbe5d24"
"Cristopher Wiget","cristopher.wiget@example.com","Customer Support","31826bf03710200044e0bfc8bcbe5d2d"
"Doug Matrisciano","doug.matrisciano@example.com","Customer Support","31826bf03710200044e0bfc8bcbe5d36"
"Mamie Mcintee","mamie.mcintee@example.com","Product Management","32826bf03710200044e0bfc8bcbe5df5"
"Rich Gleave","rich.gleave@example.com","Sales","32826bf03710200044e0bfc8bcbe5dfe"
"Marcelino Maggs","marcelino.maggs@example.com","Sales","3282abf03710200044e0bfc8bcbe5d07"
"Rosalia Kennemur","rosalia.kennemur@example.com","Sales","3282abf03710200044e0bfc8bcbe5d15"
"Travis Brockert","travis.brockert@example.com","Sales","3282abf03710200044e0bfc8bcbe5d1e"
"Cary Mccamey","cary.mccamey@example.com","Sales","3282abf03710200044e0bfc8bcbe5d27"
"Lana Keels","lana.keels@example.com","Sales","3282abf03710200044e0bfc8bcbe5d30"
"Ike Benthin","ike.benthin@example.com","Sales","3282abf03710200044e0bfc8bcbe5d39"
"Machine Identity Console Administrator","","","34f7cd87ff802210459effffffffffa2"
"prism service user ","","","353cce0653e7321040e22e1e90f7b435"
"Genevieve Kekiwi","genevieve.kekiwi@example.com","Customer Support","35826bf03710200044e0bfc8bcbe5d1d"
"Viola Mcsorley","viola.mcsorley@example.com","Customer Support","35826bf03710200044e0bfc8bcbe5d26"
"Mitch Schattner","mitch.schattner@example.com","Customer Support","35826bf03710200044e0bfc8bcbe5d2f"
"Marshall Hutch","marshall.hutch@example.com","Customer Support","35826bf03710200044e0bfc8bcbe5d38"
"Joel Nardo","joel.nardo@example.com","Sales","36826bf03710200044e0bfc8bcbe5df7"
"Jimmie Zarzycki","jimmie.zarzycki@example.com","Sales","3682abf03710200044e0bfc8bcbe5d00"
"Florine Willardson","florine.willardson@example.com","Sales","3682abf03710200044e0bfc8bcbe5d09"
"Don Mestler","don.mestler@example.com","Sales","3682abf03710200044e0bfc8bcbe5d0e"
"Patty Bernasconi","patty.bernasconi@example.com","Sales","3682abf03710200044e0bfc8bcbe5d17"
"Reginald Humes","reginald.humes@example.com","Sales","3682abf03710200044e0bfc8bcbe5d20"
"Martin Carley","martin.carley@example.com","Sales","3682abf03710200044e0bfc8bcbe5d29"
"Eliseo Wice","eliseo.wice@example.com","Sales","3682abf03710200044e0bfc8bcbe5d32"
"Problem CoordinatorATF","Problem.CoordinatorATF@example.com","","3883f4c0730123002728660c4cf6a754"
"Problem Coordinator B","problem.coordinator_b@example.com","","38cb3f173b331300ad3cc9bb34efc4d6"
"Veronica Achorn","veronica.achorn@example.com","Customer Support","39826bf03710200044e0bfc8bcbe5d1f"
"Petra Mcnichol","petra.mcnichol@example.com","Customer Support","39826bf03710200044e0bfc8bcbe5d28"
"Lynda Youtsey","lynda.youtsey@example.com","Customer Support","39826bf03710200044e0bfc8bcbe5d31"
"Emery Reek","emery.reek@example.com","Customer Support","39826bf03710200044e0bfc8bcbe5d3a"
"User ITIL","User_ITIL@example.com","","3988a3ca732023002728660c4cf6a757"
"Brant Darnel","brant.darnel@example.com","Sales","3a826bf03710200044e0bfc8bcbe5df9"
"Carolina Kinlaw","carolina.kinlaw@example.com","Sales","3a82abf03710200044e0bfc8bcbe5d02"
"Berta Karczewski","berta.karczewski@example.com","Sales","3a82abf03710200044e0bfc8bcbe5d0b"
"Jessie Barkle","jessie.barkle@example.com","Sales","3a82abf03710200044e0bfc8bcbe5d10"
"Hannah Facio","hannah.facio@example.com","Sales","3a82abf03710200044e0bfc8bcbe5d19"
"Mitchel Harnar","mitchel.harnar@example.com","Sales","3a82abf03710200044e0bfc8bcbe5d22"
"Kyle Ferri","kyle.ferri@example.com","Sales","3a82abf03710200044e0bfc8bcbe5d2b"
"Ruthie Zortman","ruthie.zortman@example.com","Sales","3a82abf03710200044e0bfc8bcbe5d34"
"Johnnie Rheaves","johnnie.rheaves@example.com","Customer Support","3d826bf03710200044e0bfc8bcbe5d21"
"Jarrett Kenzie","jarrett.kenzie@example.com","Customer Support","3d826bf03710200044e0bfc8bcbe5d2a"
"Keisha Ransonet","keisha.ransonet@example.com","Customer Support","3d826bf03710200044e0bfc8bcbe5d33"
"Prince Kauk","prince.kauk@example.com","Customer Support","3d826bf03710200044e0bfc8bcbe5d3c"
"Athena Fontanilla","athena.fontanilla@example.com","Product Management","3e826bf03710200044e0bfc8bcbe5df2"
"Floyd Veazey","floyd.veazey@example.com","Sales","3e826bf03710200044e0bfc8bcbe5dfb"
"Rebekah Padley","rebekah.padley@example.com","Sales","3e82abf03710200044e0bfc8bcbe5d04"
"Lesa Chantry","lesa.chantry@example.com","Sales","3e82abf03710200044e0bfc8bcbe5d12"
"Bradly Hasselvander","bradly.hasselvander@example.com","Sales","3e82abf03710200044e0bfc8bcbe5d1b"
"Haley Rocheford","haley.rocheford@example.com","Sales","3e82abf03710200044e0bfc8bcbe5d24"
"Marisa Smiler","marisa.smiler@example.com","Sales","3e82abf03710200044e0bfc8bcbe5d2d"
"Lee Javens","lee.javens@example.com","Sales","3e82abf03710200044e0bfc8bcbe5d36"
"Playbook Automation Runner","","","40627618ff283210bf83ffffffffff03"
"Service Desk","svc.desk@example.com","","413a4d35eb32010045e1a5115206fe6b"
"Deandre Resendiz","deandre.resendiz@example.com","Customer Support","42826bf03710200044e0bfc8bcbe5d44"
"Valentine Granberry","valentine.granberry@example.com","Customer Support","42826bf03710200044e0bfc8bcbe5d5a"
"Burton Brining","burton.brining@example.com","Customer Support","42826bf03710200044e0bfc8bcbe5d69"
"Lyndon Bellerdine","lyndon.bellerdine@example.com","Customer Support","42826bf03710200044e0bfc8bcbe5d72"
"Wilmer Constantineau","wilmer.constantineau@example.com","Development","42826bf03710200044e0bfc8bcbe5d7b"
"Enrique Oroark","enrique.oroark@example.com","Development","42826bf03710200044e0bfc8bcbe5d84"
"Chi Greenlaw","chi.greenlaw@example.com","Finance","42826bf03710200044e0bfc8bcbe5d8d"
"Denise Speegle","denise.speegle@example.com","Finance","42826bf03710200044e0bfc8bcbe5d96"
"Tyron Quillman","tyron.quillman@example.com","Sales","4382abf03710200044e0bfc8bcbe5d3e"
"Aqib Mushtaq","aqib.mushtaq@example.com","Development","443193dcd7011200f2d224837e61037d"
"Scott Seixas","scott.seixas@example.com","Development","45a1b90dc3313000bac1addbdfba8fe8"
"Nanette Turansky","nanette.turansky@example.com","Customer Support","46826bf03710200044e0bfc8bcbe5d46"
"Nathanial Phoenix","nathanial.phoenix@example.com","Customer Support","46826bf03710200044e0bfc8bcbe5d5c"
"Laurie Bigg","laurie.bigg@example.com","Customer Support","46826bf03710200044e0bfc8bcbe5d62"
"Tricia Kruss","tricia.kruss@example.com","Customer Support","46826bf03710200044e0bfc8bcbe5d6b"
"Kathie Argenti","kathie.argenti@example.com","Customer Support","46826bf03710200044e0bfc8bcbe5d74"
"Mandy Mcdonnell","mandy.mcdonnell@example.com","Development","46826bf03710200044e0bfc8bcbe5d7d"
"Conrad Lanfear","conrad.lanfear@example.com","Development","46826bf03710200044e0bfc8bcbe5d86"
"Titus Rodreguez","titus.rodreguez@example.com","Finance","46826bf03710200044e0bfc8bcbe5d8f"
"Kira Staffon","kira.staffon@example.com","Finance","46826bf03710200044e0bfc8bcbe5d98"
"Phil Hendrie","phil.hendrie@example.com","Sales","46b673a6a9fe19810007ab03cbd5849d"
"Charlie Whitherspoon","charlie.whitherspoon@example.com","Sales","46b87022a9fe198101a78787e40d7547"
"George Grey","george.grey@example.com","Sales","46b9852ca9fe198101531c8c1e926c86"
"Taylor Vreeland","taylor.vreeland@example.com","IT","46bac3d6a9fe1981005f299d979b8869"
"Ted Bozelle","ted.bozelle@example.com","IT","46bbf3daa9fe1981001fd0ccdd391f83"
"Paul Shafer","paul.shafer@example.com","Sales","46bd0579a9fe198101404e3929a841f5"
"Carol Coughlin","carol.coughlin@example.com","Sales","46c1293aa9fe1981000dc753e75ebeee"
"Ted Keppel","ted.keppel@example.com","IT","46c32549a9fe198101a84f3c2036e26b"
"Dennis Millar","dennis.millar@example.com","Sales","46c410a3a9fe1981008bda0804ad3f85"
"David Dan","david.dan@example.com","Sales","46c4aeb7a9fe1981002bbd372644a37b"
"Natasha Ingram","natasha.ingram@example.com","Finance","46c5bf6ca9fe1981010713e3ac7d3384"
"Bud Richman","bud.richman@example.com","Sales","46c6f9efa9fe198101ddf5eed9adf6e7"
"Chuck Farley","chuck.farley@example.com","Sales","46c9e158a9fe198101d44d0d22cb640d"
"Howard Johnson","howard.johnson@example.com","Sales","46ca0887a9fe19810191e08e51927ebf"
"Megan Burke","megan.burke@example.com","Sales","46cd276ba9fe19810024aa59b51d6ef7"
"Wayne Webb","wayne.webb@example.com","IT","46d14f04a9fe19810142e40c6b071512"
"Olga Yarovenko","olga.yarovenko@example.com","Sales","46d1656aa9fe19810123a47c98f2d82f"
"Diana Temple","diana.temple@example.com","Sales","46d413b2a9fe198101a7f9f0f493a9a7"
"Beth Anglin","beth.anglin@example.com","Sales","46d44a23a9fe19810012d100cca80666"
"Margaret Grey","margaret.gray@example.com","Sales","46d4a69ba9fe1981001af9616bf01185"
"John Bohnhamn","john.bohnhamn@example.com","Sales","46d59205a9fe198101d603f5de37bfa3"
"Dude Lewbowskie","dude.lewbowskie@example.com","Sales","46d6a72ea9fe1981019699dd1000f1fa"
"Mary Cruse","mary.cruse@example.com","Sales","46d77b47a9fe1981007c0b3faff3edf8"
"Marscha Gilles-Piecukonis","marscha.gilles@example.com","Sales","46d80e5fa9fe198101490eab4fe5cbb0"
"Sam Sorokin","sam.sorokin@example.com","IT","46d85d4aa9fe198101e36eb956587fe7"
"Luke Wilson","luke.wilson@example.com","Sales","46d96f57a9fe198101947a9620895886"
"Marcelo Arostegui","marcelo.arostegui@example.com","Sales","4782abf03710200044e0bfc8bcbe5d40"
"Asset Manager","itam@example.com","IT","47de9c73c61122930033f6521d1bb785"
"Cameron Richard","cameron.richard@example.com","Development","49339c38530360100999ddeeff7b1242"
"Lacy Belmont","lacy.belmont@example.com","Customer Support","4a826bf03710200044e0bfc8bcbe5d3f"
"Denver Topete","denver.topete@example.com","Customer Support","4a826bf03710200044e0bfc8bcbe5d55"
"Mary Maurizio","mary.maurizio@example.com","Customer Support","4a826bf03710200044e0bfc8bcbe5d5e"
"Helga Windle","helga.windle@example.com","Customer Support","4a826bf03710200044e0bfc8bcbe5d64"
"Saundra Mcaulay","saundra.mcaulay@example.com","Customer Support","4a826bf03710200044e0bfc8bcbe5d6d"
"Gracie Ehn","gracie.ehn@example.com","Customer Support","4a826bf03710200044e0bfc8bcbe5d76"
"Kevin Edd","kevin.edd@example.com","Development","4a826bf03710200044e0bfc8bcbe5d7f"
"Billie Tinnes","billie.tinnes@example.com","Development","4a826bf03710200044e0bfc8bcbe5d88"
"Daniel Zill","daniel.zill@example.com","Finance","4a826bf03710200044e0bfc8bcbe5d91"
"problem manageratf","problem.manageratf@example.com","","4ac73ecd738123002728660c4cf6a72c"
"Kurtis Mcbay","kurtis.mcbay@example.com","Sales","4b82abf03710200044e0bfc8bcbe5d42"
"Jeanie Dalen","jeanie.dalen@example.com","Customer Support","4e826bf03710200044e0bfc8bcbe5d41"
"Yvette Kokoska","yvette.kokoska@example.com","Customer Support","4e826bf03710200044e0bfc8bcbe5d57"
"Georgette Bandyk","georgette.bandyk@example.com","Customer Support","4e826bf03710200044e0bfc8bcbe5d66"
"Naomi Caetano","naomi.caetano@example.com","Customer Support","4e826bf03710200044e0bfc8bcbe5d6f"
"Dollie Daquino","dollie.daquino@example.com","Customer Support","4e826bf03710200044e0bfc8bcbe5d78"
"John Chipley","john.chipley@example.com","Development","4e826bf03710200044e0bfc8bcbe5d81"
"Jimmy Hrobsky","jimmy.hrobsky@example.com","Finance","4e826bf03710200044e0bfc8bcbe5d8a"
"Brent Vaidya","brent.vaidya@example.com","Finance","4e826bf03710200044e0bfc8bcbe5d93"
"William Mahmud","william.mahmud@example.com","Sales","4f82abf03710200044e0bfc8bcbe5d3b"
"Efren Baucher","efren.baucher@example.com","Sales","4f82abf03710200044e0bfc8bcbe5d44"
"Bushra Akhtar","bushra.akhtar@example.com","Development","506c0f9cd7011200f2d224837e61030f"
"Guest","guest@example.com","","5136503cc611227c0183e96598c4f706"
"Fred Luddy","fred.luddy@example.com","Development","5137153cc611227c000bbd1bd8cd2005"
"Rick Berzle","rick.berzle@example.com","Sales","5137153cc611227c000bbd1bd8cd2006"
"David Loo","david.loo@example.com","Development","5137153cc611227c000bbd1bd8cd2007"
"Edwin Lavelli","edwin.lavelli@example.com","Finance","52826bf03710200044e0bfc8bcbe5d9b"
"Theron Hambright","theron.hambright@example.com","HR","52826bf03710200044e0bfc8bcbe5da4"
"Sadie Rowlett","sadie.rowlett@example.com","IT","52826bf03710200044e0bfc8bcbe5dad"
"Pamala Brodtmann","pamala.brodtmann@example.com","IT","52826bf03710200044e0bfc8bcbe5db6"
"Robyn Christophel","robyn.christophel@example.com","IT","52826bf03710200044e0bfc8bcbe5dbf"
"Brice Hedglin","brice.hedglin@example.com","IT","52826bf03710200044e0bfc8bcbe5dc8"
"Isiah Phernetton","isiah.phernetton@example.com","IT","52826bf03710200044e0bfc8bcbe5dd1"
"Ashley Parker","ashley.parker@example.com","HR","5408091a3b100300e81d47b334efc452"
"Coleman Cuneo","coleman.cuneo@example.com","Finance","56826bf03710200044e0bfc8bcbe5d9d"
"Rosalie Krigger","rosalie.krigger@example.com","HR","56826bf03710200044e0bfc8bcbe5da6"
"Ezekiel Mildon","ezekiel.mildon@example.com","IT","56826bf03710200044e0bfc8bcbe5daf"
"Lacy Woodfin","lacy.woodfin@example.com","IT","56826bf03710200044e0bfc8bcbe5db8"
"Maryanne Whyman","maryanne.whyman@example.com","IT","56826bf03710200044e0bfc8bcbe5dc1"
"Amos Linnan","amos.linnan@example.com","IT","56826bf03710200044e0bfc8bcbe5dca"
"Jason Roy","json.roy@example.com","","5695d69673500010c2e7660c4cf6a789"
"Suzette Devaughan","suzette.devaughan@example.com","HR","5a826bf03710200044e0bfc8bcbe5d9f"
"Rubin Crotts","rubin.crotts@example.com","HR","5a826bf03710200044e0bfc8bcbe5da8"
"Eli Bettner","eli.bettner@example.com","IT","5a826bf03710200044e0bfc8bcbe5db1"
"Garth Skiffington","garth.skiffington@example.com","IT","5a826bf03710200044e0bfc8bcbe5dba"
"Judy Gartenmayer","judy.gartenmayer@example.com","IT","5a826bf03710200044e0bfc8bcbe5dc3"
"Byron Fortuna","byron.fortuna@example.com","IT","5a826bf03710200044e0bfc8bcbe5dcc"
"Jerrod Bennett","jerrod.bennett@example.com","Development","5b7c200d0a640069006b3845b5d0fa7c"
"Terrance Nimmer","terrance.nimmer@example.com","HR","5e826bf03710200044e0bfc8bcbe5da1"
"Forest Orea","forest.orea@example.com","IT","5e826bf03710200044e0bfc8bcbe5daa"
"Tami Trybus","tami.trybus@example.com","IT","5e826bf03710200044e0bfc8bcbe5db3"
"Tamara Declue","tamara.declue@example.com","IT","5e826bf03710200044e0bfc8bcbe5dbc"
"Helene Iberg","helene.iberg@example.com","IT","5e826bf03710200044e0bfc8bcbe5dc5"
"Reva Bayer","reva.bayer@example.com","IT","5e826bf03710200044e0bfc8bcbe5dce"
"Davin Czukowski","davin.czukowski@example.com","Sales","5f64f1dac0a8010e0020272962540240"
"John Retak","john.retak@example.com","Sales","5f675796c0a8010e0132f67844388c58"
"James Vittolo","jvittolo@example.com","Sales","5f728212c0a8010e004a13c7588047dd"
"Roger Rasmussen","roger.rasmussen@example.com","IT","5f72e70ac0a8010e003e479c72d75d47"
"Charles Beckley","charles.beckley@example.com","Sales","5f74e421c0a8010e01ec0d74a7ee2cc6"
"Guillermo Frohlich","guillermo.frohlich@example.com","Development","62526fa1d701120035ae23c7ce6103c6"
"Cherie Schronce","cherie.schronce@example.com","IT","62826bf03710200044e0bfc8bcbe5dd6"
"Davis Heideman","davis.heideman@example.com","IT","62826bf03710200044e0bfc8bcbe5ddf"
"Annette Frietas","annette.frietas@example.com","Product Management","62826bf03710200044e0bfc8bcbe5de8"
"Abel Tuter","abel.tuter@example.com","Product Management","62826bf03710200044e0bfc8bcbe5df1"
"Jim Ranzetti","jim.ranzetti@example.com","Sales","62d4a181c0a8010e0189dd6ec22324a2"
"Ron Kettering","ron.kettering@example.com","IT","62d78687c0a8010e00b3d84178adc913"
"Incident Manager","incident.manager@example.com","Sales","63b4c2cd0bb23200ecfd818393673a95"
"Andrew Jackson","andrew.jackson@example.com","","645e03b0eb32010045e1a5115206feb5"
"Rosalyn Daulton","rosalyn.daulton@example.com","IT","66826bf03710200044e0bfc8bcbe5dd8"
"Lashonda Derouen","lashonda.derouen@example.com","IT","66826bf03710200044e0bfc8bcbe5de1"
"Buster Wubbel","buster.wubbel@example.com","Product Management","66826bf03710200044e0bfc8bcbe5dea"
"George Washington","george.washington@example.com","","67484bb0eb32010045e1a5115206fee6"
"survey creator","survey.creator@email.com","","67e3d7e6532c33005e0addeeff7b12f1"
"System Administrator","admin@example.com","Finance","6816f79cc0a8016401c5a33be04be441"
"ITIL User","itil@example.com","Sales","681b365ec0a80164000fb0b05854a0cd"
"Joe Employee","employee@example.com","Sales","681ccaf9c0a8016400b98a06818d57c7"
"Kristine Paker","kristine.paker@example.com","IT","6a826bf03710200044e0bfc8bcbe5dda"
"Gale Nolau","gale.nolau@example.com","IT","6a826bf03710200044e0bfc8bcbe5de3"
"Alissa Mountjoy","alissa.mountjoy@example.com","Product Management","6a826bf03710200044e0bfc8bcbe5dec"
"Ike Zeolla","ike.zeolla@example.com","IT","6e826bf03710200044e0bfc8bcbe5ddc"
"Cruz Roudabush","cruz.roudabush@example.com","IT","6e826bf03710200044e0bfc8bcbe5de5"
"Carmella Wishman","carmella.wishman@example.com","Product Management","6e826bf03710200044e0bfc8bcbe5dee"
"Antony Alldis","Antony.Alldis@example.com","Development","712150f4530360100999ddeeff7b1227"
"Multimodal AI Service Service Account","","","714e5fbe3bbe3a50e1716b8aa4e45ada"
"John Kennedy","jfk@example.com","","717ec7f0eb32010045e1a5115206fe21"
"Mara Rineheart","mara.rineheart@example.com","Customer Support","71826bf03710200044e0bfc8bcbe5d20"
"Marlene Hammeren","marlene.hammeren@example.com","Customer Support","71826bf03710200044e0bfc8bcbe5d29"
"Lona Scronce","lona.scronce@example.com","Customer Support","71826bf03710200044e0bfc8bcbe5d32"
"Aileen Mottern","aileen.mottern@example.com","Customer Support","71826bf03710200044e0bfc8bcbe5d3b"
"Model Manager","model.manager@example.com","","71c3b0d71b302000aebbfbcd2c0713a8"
"Taylor Fogerty","taylor.fogerty@example.com","Sales","72826bf03710200044e0bfc8bcbe5dfa"
"Annabelle Coger","annabelle.coger@example.com","Sales","7282abf03710200044e0bfc8bcbe5d03"
"Antione Mccleary","antione.mccleary@example.com","Sales","7282abf03710200044e0bfc8bcbe5d0c"
"Janet Rathrock","janet.rathrock@example.com","Sales","7282abf03710200044e0bfc8bcbe5d11"
"Dwain Agricola","dwain.agricola@example.com","Sales","7282abf03710200044e0bfc8bcbe5d1a"
"Melody Saddat","melody.saddat@example.com","Sales","7282abf03710200044e0bfc8bcbe5d23"
"Waldo Edberg","waldo.edberg@example.com","Sales","7282abf03710200044e0bfc8bcbe5d2c"
"Rolando Baumann","rolando.baumann@example.com","Sales","7282abf03710200044e0bfc8bcbe5d35"
"SLA Manager","sla.manager@example.com","","737630419376220050bef157b67ffbec"
"Problem Coordinator A","problem.coordinator_a@example.com","","73ab3f173b331300ad3cc9bb34efc4df"
"Jimmie Kertzman","jimmie.kertzman@example.com","Customer Support","75826bf03710200044e0bfc8bcbe5d22"
"Fred Kunde","fred.kunde@example.com","Customer Support","75826bf03710200044e0bfc8bcbe5d2b"
"Kay Ganguli","kay.ganguli@example.com","Customer Support","75826bf03710200044e0bfc8bcbe5d34"
"Melvin Auteri","melvin.auteri@example.com","Customer Support","75826bf03710200044e0bfc8bcbe5d3d"
"Armando Kolm","armando.kolm@example.com","Product Management","76826bf03710200044e0bfc8bcbe5df3"
"Celia Slavin","celia.slavin@example.com","Sales","76826bf03710200044e0bfc8bcbe5dfc"
"Oma Duffy","oma.duffy@example.com","Sales","7682abf03710200044e0bfc8bcbe5d05"
"Angelo Ferentz","angelo.ferentz@example.com","Sales","7682abf03710200044e0bfc8bcbe5d13"
"Angelique Schermerhorn","angelique.schermerhorn@example.com","Sales","7682abf03710200044e0bfc8bcbe5d1c"
"Essie Vaill","essie.vaill@example.com","Sales","7682abf03710200044e0bfc8bcbe5d25"
"Marc Wanger","marc.wanger@example.com","Sales","7682abf03710200044e0bfc8bcbe5d2e"
"Kelli Varrato","kelli.varrato@example.com","Sales","7682abf03710200044e0bfc8bcbe5d37"
"David Miller","david.miller@example.com","Product Management","77ad8176731313005754660c4cf6a7de"
"Marcie Shulz","marcie.shulz@example.com","Customer Support","79826bf03710200044e0bfc8bcbe5d24"
"Cathryn Nicolaus","cathryn.nicolaus@example.com","Customer Support","79826bf03710200044e0bfc8bcbe5d2d"
"Donald Sherretts","donald.sherretts@example.com","Customer Support","79826bf03710200044e0bfc8bcbe5d36"
"Lottie Voll","lottie.voll@example.com","Product Management","7a826bf03710200044e0bfc8bcbe5df5"
"Reina Wolchesky","reina.wolchesky@example.com","Sales","7a826bf03710200044e0bfc8bcbe5dfe"
"Lane Brantz","lane.brantz@example.com","Sales","7a82abf03710200044e0bfc8bcbe5d07"
"Robt Braithwaite","robt.braithwaite@example.com","Sales","7a82abf03710200044e0bfc8bcbe5d15"
"Sharlene Circelli","sharlene.circelli@example.com","Sales","7a82abf03710200044e0bfc8bcbe5d1e"
"Bertie Luby","bertie.luby@example.com","Sales","7a82abf03710200044e0bfc8bcbe5d27"
"Kylie Bridgeman","kylie.bridgeman@example.com","Sales","7a82abf03710200044e0bfc8bcbe5d30"
"Hans Carlan","hans.carlan@example.com","Sales","7a82abf03710200044e0bfc8bcbe5d39"
"Freida Michelfelder","freida.michelfelder@example.com","Customer Support","7d826bf03710200044e0bfc8bcbe5d1d"
"Tiffany Knust","tiffany.knust@example.com","Customer Support","7d826bf03710200044e0bfc8bcbe5d26"
"Millicent Ekstrom","millicent.ekstrom@example.com","Customer Support","7d826bf03710200044e0bfc8bcbe5d2f"
"Lynette Setlock","lynette.setlock@example.com","Customer Support","7d826bf03710200044e0bfc8bcbe5d38"
"Problem Task Analyst A","problem.analyst_a@example.com","","7e3bbb173b331300ad3cc9bb34efc4a8"
"Doreen Sakurai","doreen.sakurai@example.com","Sales","7e826bf03710200044e0bfc8bcbe5df7"
"Heriberto Tivis","heriberto.tivis@example.com","Sales","7e82abf03710200044e0bfc8bcbe5d00"
"Evan Pyfrom","evan.pyfrom@example.com","Sales","7e82abf03710200044e0bfc8bcbe5d09"
"Chad Araiza","chad.araiza@example.com","Sales","7e82abf03710200044e0bfc8bcbe5d0e"
"Modesto Scroggie","modesto.scroggie@example.com","Sales","7e82abf03710200044e0bfc8bcbe5d17"
"Raphael Bickel","raphael.bickel@example.com","Sales","7e82abf03710200044e0bfc8bcbe5d20"
"Marta Warran","marta.warran@example.com","Sales","7e82abf03710200044e0bfc8bcbe5d29"
"Val Oborne","val.oborne@example.com","Sales","7e82abf03710200044e0bfc8bcbe5d32"
"Andrew Och","andrew.och@example.com","Development","800b174138d089c868d09de320f9833b"
"Kira Papen","kira.papen@example.com","Customer Support","82826bf03710200044e0bfc8bcbe5d40"
"Delmer Delucas","delmer.delucas@example.com","Customer Support","82826bf03710200044e0bfc8bcbe5d56"
"Marquita Bousman","marquita.bousman@example.com","Customer Support","82826bf03710200044e0bfc8bcbe5d5f"
"Helena Suermann","helena.suermann@example.com","Customer Support","82826bf03710200044e0bfc8bcbe5d65"
"Sal Pindell","sal.pindell@example.com","Customer Support","82826bf03710200044e0bfc8bcbe5d6e"
"Gaston Cieloszyk","gaston.cieloszyk@example.com","Customer Support","82826bf03710200044e0bfc8bcbe5d77"
"Kerry Evertt","kerry.evertt@example.com","Development","82826bf03710200044e0bfc8bcbe5d80"
"Avery Parbol","avery.parbol@example.com","Development","82826bf03710200044e0bfc8bcbe5d89"
"Claire Moyerman","claire.moyerman@example.com","Finance","82826bf03710200044e0bfc8bcbe5d92"
"Arya Stark (KCS role)","","","831be3e3db7c030064dd36cb7c9619ca"
"Karen Zombo","karen.zombo@example.com","Sales","8382abf03710200044e0bfc8bcbe5d43"
"James Smith","james.smith@example.com","","83d51a9673500010c2e7660c4cf6a711"
"Sitemap Scheduler User ","","","85388c25b71011104eed4643ae11a993"
"ESC Admin","escadmin@example.com","","85e3678553812300e03addeeff7b12be"
"Credential Admin","cred.admin@example.com","","860a4d35eb32010045e1a5115206fe54"
"Isaac Davensizer","isaac.davensizer@example.com","Customer Support","86826bf03710200044e0bfc8bcbe5d42"
"Vivian Brzostowski","vivian.brzostowski@example.com","Customer Support","86826bf03710200044e0bfc8bcbe5d58"
"Felipe Mahone","felipe.mahone@example.com","Customer Support","86826bf03710200044e0bfc8bcbe5d67"
"Mitzi Ihenyen","mitzi.ihenyen@example.com","Customer Support","86826bf03710200044e0bfc8bcbe5d70"
"Claudio Loose","claudio.loose@example.com","Customer Support","86826bf03710200044e0bfc8bcbe5d79"
"Francis Soo","francis.soo@example.com","Development","86826bf03710200044e0bfc8bcbe5d82"
"Fausto Marks","fausto.marks@example.com","Finance","86826bf03710200044e0bfc8bcbe5d8b"
"Brendan Qin","brendan.qin@example.com","Finance","86826bf03710200044e0bfc8bcbe5d94"
"Traci Toomey","traci.toomey@example.com","Sales","8782abf03710200044e0bfc8bcbe5d3c"
"Darrin Neiss","darrin.neiss@example.com","Sales","8782abf03710200044e0bfc8bcbe5d45"
"ml.admin ","","","88aad6c5c73003005f1b78d48b9763a5"
"Danny Dales","danny.dales@example.com","Customer Support","8a826bf03710200044e0bfc8bcbe5d44"
"Shanna Numkena","shanna.numkena@example.com","Customer Support","8a826bf03710200044e0bfc8bcbe5d5a"
"Zackary Mockus","zackary.mockus@example.com","Customer Support","8a826bf03710200044e0bfc8bcbe5d69"
"Lynda Caraway","lynda.caraway@example.com","Customer Support","8a826bf03710200044e0bfc8bcbe5d72"
"Trudy Worlds","trudy.worlds@example.com","Development","8a826bf03710200044e0bfc8bcbe5d7b"
"Dorthy Alexy","dorthy.alexy@example.com","Development","8a826bf03710200044e0bfc8bcbe5d84"
"Warren Hacher","warren.hacher@example.com","Finance","8a826bf03710200044e0bfc8bcbe5d8d"
"Delphine Helmich","delphine.helmich@example.com","Finance","8a826bf03710200044e0bfc8bcbe5d96"
"Tommie Reuland","tommie.reuland@example.com","Sales","8b82abf03710200044e0bfc8bcbe5d3e"
"John Adams","john.adams@example.com","","8c17c7f0eb32010045e1a5115206fe17"
"MIF Customer Account","","","8cbcec9643b33110f9df68e8a9b8f2a0"
"Eric Schroeder","eric.schroeder@example.com","Sales","8d56406a0a0a0a6b004070b354aada28"
"Rob Woodbyrne","rob.woodbyrne@example.com","Sales","8d5938070a0a0a6b00f8a5e8d3375606"
"Mike  Hussey","mike.hussey@example.com","Product Management","8e578dba731313005754660c4cf6a795"
"Merle Wyrosdick","merle.wyrosdick@example.com","Customer Support","8e826bf03710200044e0bfc8bcbe5d46"
"Milton Kuhlman","milton.kuhlman@example.com","Customer Support","8e826bf03710200044e0bfc8bcbe5d5c"
"Lana Garrigus","lana.garrigus@example.com","Customer Support","8e826bf03710200044e0bfc8bcbe5d62"
"Sue Haakinson","sue.haakinson@example.com","Customer Support","8e826bf03710200044e0bfc8bcbe5d6b"
"Jarvis Galas","jarvis.galas@example.com","Customer Support","8e826bf03710200044e0bfc8bcbe5d74"
"Mack Jurasin","mack.jurasin@example.com","Development","8e826bf03710200044e0bfc8bcbe5d7d"
"Colin Altonen","colin.altonen@example.com","Development","8e826bf03710200044e0bfc8bcbe5d86"
"Sybil Marmerchant","sybil.marmerchant@example.com","Finance","8e826bf03710200044e0bfc8bcbe5d8f"
"Jimmie Hardgrove","jimmie.hardgrove@example.com","Sales","8f82abf03710200044e0bfc8bcbe5d40"
"CMDB Admin","cmdb.admin@example.com","","8ff5b254b33213005e3de13516a8dcf7"
"Deepa Shah","deepa.shah@example.com","Development","9112fd0dc3313000bac1addbdfba8f95"
"Praveen Vootkuri","praveen.vootkuri@example.com","Development","9142b90dc3313000bac1addbdfba8f8d"
"Password User","pwd.user@example.com","","91790d35eb32010045e1a5115206feef"
"Reyna Bangle","reyna.bangle@example.com","HR","92826bf03710200044e0bfc8bcbe5da0"
"Roger Seid","roger.seid@example.com","HR","92826bf03710200044e0bfc8bcbe5da9"
"Bertram Quertermous","bertram.quertermous@example.com","IT","92826bf03710200044e0bfc8bcbe5db2"
"Eduardo Bellendir","eduardo.bellendir@example.com","IT","92826bf03710200044e0bfc8bcbe5dbb"
"Jeremy Lampi","jeremy.lampi@example.com","IT","92826bf03710200044e0bfc8bcbe5dc4"
"Beverly Cambel","beverly.cambel@example.com","IT","92826bf03710200044e0bfc8bcbe5dcd"
"ECMDB Admin","ecmdb.admin@example.com","","94a28f10b37213005e3de13516a8dcd4"
"Shanna Neundorfer","shanna.neundorfer@example.com","HR","96826bf03710200044e0bfc8bcbe5da2"
"Dionne Borycz","dionne.borycz@example.com","IT","96826bf03710200044e0bfc8bcbe5dab"
"Samantha Bordwell","samantha.bordwell@example.com","IT","96826bf03710200044e0bfc8bcbe5db4"
"Sheryl Sisofo","sheryl.sisofo@example.com","IT","96826bf03710200044e0bfc8bcbe5dbd"
"Fran Zanders","fran.zanders@example.com","IT","96826bf03710200044e0bfc8bcbe5dc6"
"Minh Leclare","minh.leclare@example.com","IT","96826bf03710200044e0bfc8bcbe5dcf"
"Christen Mitchell","christen.mitchell@example.com","Development","97000fcc0a0a0a6e0104ca999f619e5b"
"sharedservice.worker [DO NOT DELETE] Agent Intelligence Plug-in","","","98b1510767113200d109199672415adc"
"Charity Dyckman","charity.dyckman@example.com","Finance","9a826bf03710200044e0bfc8bcbe5d9b"
"Warren Speach","warren.speach@example.com","HR","9a826bf03710200044e0bfc8bcbe5da4"
"Miranda Hammitt","miranda.hammitt@example.com","IT","9a826bf03710200044e0bfc8bcbe5dad"
"Maynard Kaewprasert","maynard.kaewprasert@example.com","IT","9a826bf03710200044e0bfc8bcbe5db6"
"Reina Reisenauer","reina.reisenauer@example.com","IT","9a826bf03710200044e0bfc8bcbe5dbf"
"Bess Marso","bess.marso@example.com","IT","9a826bf03710200044e0bfc8bcbe5dc8"
"Freeman Soula","freeman.soula@example.com","IT","9a826bf03710200044e0bfc8bcbe5dd1"
"Jake Throgmorton","jake.throgmorton@example.com","Development","9ce1b90dc3313000bac1addbdfba8ff1"
"Erica Eyrich","erica.eyrich@example.com","Finance","9e826bf03710200044e0bfc8bcbe5d98"
"Terra Plagge","terra.plagge@example.com","HR","9e826bf03710200044e0bfc8bcbe5d9d"
"Tyree Courrege","tyree.courrege@example.com","HR","9e826bf03710200044e0bfc8bcbe5da6"
"Deanna Gerbi","deanna.gerbi@example.com","IT","9e826bf03710200044e0bfc8bcbe5daf"
"Kris Stanzak","kris.stanzak@example.com","IT","9e826bf03710200044e0bfc8bcbe5db8"
"Manuel Dienhart","manuel.dienhart@example.com","IT","9e826bf03710200044e0bfc8bcbe5dc1"
"Stacey Blow","stacey.blow@example.com","IT","9e826bf03710200044e0bfc8bcbe5dca"
"Don Goodliffe","don.goodliffe@example.com","Development","9ee1b13dc6112271007f9d0efdb69cd0"
"Junior Wadlinger","junior.wadlinger@example.com","IT","a2826bf03710200044e0bfc8bcbe5ddb"
"Elvira Blumenthal","elvira.blumenthal@example.com","IT","a2826bf03710200044e0bfc8bcbe5de4"
"Alejandro Mascall","alejandro.mascall@example.com","Product Management","a2826bf03710200044e0bfc8bcbe5ded"
"Simone Lundie","simone.lundie@example.com","IT","a6826bf03710200044e0bfc8bcbe5dd4"
"Gil Scarpa","gil.scarpa@example.com","IT","a6826bf03710200044e0bfc8bcbe5ddd"
"Boris Catino","boris.catino@example.com","IT","a6826bf03710200044e0bfc8bcbe5de6"
"Carla Humble","carla.humble@example.com","Product Management","a6826bf03710200044e0bfc8bcbe5def"
"Inventory Admin","Inventory.Admin@example.com","","a6c0b63a47702000cdd1706eecde276f"
"Abraham Lincoln","abraham.lincoln@example.com","","a8f98bb0eb32010045e1a5115206fe3a"
"Amelia Caputo","amelia.caputo@example.com","IT","aa826bf03710200044e0bfc8bcbe5dd6"
"Curt Menedez","curt.menedez@example.com","IT","aa826bf03710200044e0bfc8bcbe5ddf"
"Allie Pumphrey","allie.pumphrey@example.com","Product Management","aa826bf03710200044e0bfc8bcbe5de8"
"Carla Sirbaugh","carla.sirbaugh@example.com","Product Management","aa826bf03710200044e0bfc8bcbe5df1"
"Creator User","","","aa8b86ac836a0310c5aac900feaad3bb"
"Marisa Woldridge","marisa.woldridge@example.com","IT","ae826bf03710200044e0bfc8bcbe5dd8"
"Kenya Bruni","kenya.bruni@example.com","IT","ae826bf03710200044e0bfc8bcbe5de1"
"Bert Schadle","bert.schadle@example.com","Product Management","ae826bf03710200044e0bfc8bcbe5dea"
"Chris Harris","chris.harris@example.com","","b0f31e5673500010c2e7660c4cf6a711"
"Naomi Mcraven","naomi.mcraven@example.com","Customer Support","b1826bf03710200044e0bfc8bcbe5d1c"
"George Tukis","george.tukis@example.com","Customer Support","b1826bf03710200044e0bfc8bcbe5d25"
"Rosanna Sandrock","rosanna.sandrock@example.com","Customer Support","b1826bf03710200044e0bfc8bcbe5d2e"
"Willard Roughen","willard.roughen@example.com","Customer Support","b1826bf03710200044e0bfc8bcbe5d37"
"Neil Backus","neil.backus@example.com","Sales","b2826bf03710200044e0bfc8bcbe5df6"
"Leslie Cackowski","leslie.cackowski@example.com","Sales","b2826bf03710200044e0bfc8bcbe5dff"
"Kurtis Asberry","kurtis.asberry@example.com","Sales","b282abf03710200044e0bfc8bcbe5d08"
"Rene Dummermuth","rene.dummermuth@example.com","Sales","b282abf03710200044e0bfc8bcbe5d16"
"Rosemarie Fifield","rosemarie.fifield@example.com","Sales","b282abf03710200044e0bfc8bcbe5d1f"
"Allan Schwantd","allan.schwantd@example.com","Sales","b282abf03710200044e0bfc8bcbe5d28"
"Jasmin Gum","jasmin.gum@example.com","Sales","b282abf03710200044e0bfc8bcbe5d31"
"Gayla Geimer","gayla.geimer@example.com","Sales","b282abf03710200044e0bfc8bcbe5d3a"
"Emilia Oxley","emilia.oxley@example.com","Customer Support","b5826bf03710200044e0bfc8bcbe5d1e"
"Rena Griffeth","rena.griffeth@example.com","Customer Support","b5826bf03710200044e0bfc8bcbe5d27"
"Mari Hwang","mari.hwang@example.com","Customer Support","b5826bf03710200044e0bfc8bcbe5d30"
"Joey Bolick","joey.bolick@example.com","Customer Support","b5826bf03710200044e0bfc8bcbe5d39"
"Sabrina Deppert","sabrina.deppert@example.com","Sales","b6826bf03710200044e0bfc8bcbe5df8"
"Edgardo Prudente","edgardo.prudente@example.com","Sales","b682abf03710200044e0bfc8bcbe5d01"
"Chad Miklas","chad.miklas@example.com","Sales","b682abf03710200044e0bfc8bcbe5d0a"
"Bryan Rovell","bryan.rovell@example.com","Sales","b682abf03710200044e0bfc8bcbe5d0f"
"Madonna Cosby","madonna.cosby@example.com","Sales","b682abf03710200044e0bfc8bcbe5d18"
"Randall Kluemper","randall.kluemper@example.com","Sales","b682abf03710200044e0bfc8bcbe5d21"
"Leif Bachta","leif.bachta@example.com","Sales","b682abf03710200044e0bfc8bcbe5d2a"
"Teri Erlewine","teri.erlewine@example.com","Sales","b682abf03710200044e0bfc8bcbe5d33"
"ATF Change Management","","","b6b364e253131300e321ddeeff7b121b"
"ml_report.user ","","","b6bad6c5c73003005f1b78d48b97632a"
"Chuck Tomasi","","","b9377c460b0131109dae8a8db777b295"
"Kory Wooldridge","kory.wooldridge@example.com","Customer Support","b9826bf03710200044e0bfc8bcbe5d20"
"Lyman Whittley","lyman.whittley@example.com","Customer Support","b9826bf03710200044e0bfc8bcbe5d29"
"Lashonda Enote","lashonda.enote@example.com","Customer Support","b9826bf03710200044e0bfc8bcbe5d32"
"Teodoro Gaboury","teodoro.gaboury@example.com","Customer Support","b9826bf03710200044e0bfc8bcbe5d3b"
"Rodrigo Wildrick","rodrigo.wildrick@example.com","Sales","ba826bf03710200044e0bfc8bcbe5dfa"
"Trey Tout","trey.tout@example.com","Sales","ba82abf03710200044e0bfc8bcbe5d03"
"Willa Dutt","willa.dutt@example.com","Sales","ba82abf03710200044e0bfc8bcbe5d11"
"Callie Leboeuf","callie.leboeuf@example.com","Sales","ba82abf03710200044e0bfc8bcbe5d1a"
"Margarito Kornbau","margarito.kornbau@example.com","Sales","ba82abf03710200044e0bfc8bcbe5d23"
"Reggie Streu","reggie.streu@example.com","Sales","ba82abf03710200044e0bfc8bcbe5d2c"
"Marla Folz","marla.folz@example.com","Sales","ba82abf03710200044e0bfc8bcbe5d35"
"ATF Service Level Management","sla.atf@example.com","","babb4639b76233004fbc2089ee11a97f"
"ATF_TestItilUser1 ATF_TestItilUser1","","","bba5cf680b982300cac6c08393673a42"
"Nextwave Service User","","","bc1aa73cffc63210f8ecffffffffff05"
"Problem Task Analyst B","problem.analyst_b@example.com","","bc8bfb173b331300ad3cc9bb34efc4f5"
"Ella Pahnke","ella.pahnke@example.com","Customer Support","bd826bf03710200044e0bfc8bcbe5d22"
"Felecia Riedl","felecia.riedl@example.com","Customer Support","bd826bf03710200044e0bfc8bcbe5d2b"
"Isaac Zackery","isaac.zackery@example.com","Customer Support","bd826bf03710200044e0bfc8bcbe5d34"
"Marta Horner","marta.horner@example.com","Customer Support","bd826bf03710200044e0bfc8bcbe5d3d"
"Socorro Balandran","socorro.balandran@example.com","Product Management","be826bf03710200044e0bfc8bcbe5df3"
"Tia Lino","tia.lino@example.com","Sales","be826bf03710200044e0bfc8bcbe5dfc"
"Neva Marsell","neva.marsell@example.com","Sales","be82abf03710200044e0bfc8bcbe5d05"
"Valeria Lingbeek","valeria.lingbeek@example.com","Sales","be82abf03710200044e0bfc8bcbe5d13"
"Alene Rabeck","alene.rabeck@example.com","Sales","be82abf03710200044e0bfc8bcbe5d1c"
"Davis Brevard","davis.brevard@example.com","Sales","be82abf03710200044e0bfc8bcbe5d25"
"Malissa Ziesemer","malissa.ziesemer@example.com","Sales","be82abf03710200044e0bfc8bcbe5d2e"
"Jude Haza","jude.haza@example.com","Sales","be82abf03710200044e0bfc8bcbe5d37"
"Ashley Leonesio","ashley.leonesio@example.com","Customer Support","c2826bf03710200044e0bfc8bcbe5d45"
"Rebeca Brumet","rebeca.brumet@example.com","Customer Support","c2826bf03710200044e0bfc8bcbe5d5b"
"Wilfredo Gidley","wilfredo.gidley@example.com","Customer Support","c2826bf03710200044e0bfc8bcbe5d6a"
"Lashawn Hasty","lashawn.hasty@example.com","Customer Support","c2826bf03710200044e0bfc8bcbe5d73"
"Rudy Kuhle","rudy.kuhle@example.com","Development","c2826bf03710200044e0bfc8bcbe5d7c"
"Dorothea Sweem","dorothea.sweem@example.com","Development","c2826bf03710200044e0bfc8bcbe5d85"
"Robin Schartz","robin.schartz@example.com","Finance","c2826bf03710200044e0bfc8bcbe5d8e"
"Audra Cantu","audra.cantu@example.com","Finance","c2826bf03710200044e0bfc8bcbe5d97"
"Tisha Gorder","tisha.gorder@example.com","Sales","c382abf03710200044e0bfc8bcbe5d3f"
"Mathew Taylor","mathew.taylor@example.com","","c4261a9673500010c2e7660c4cf6a715"
"Michael Hoefer","michael.hoefer@example.com","Development","c4713d0dc3313000bac1addbdfba8ff3"
"MLTrainer Glide ","","","c478f973ffb31210d29cffffffffffc6"
"Virtual Agent","","","c4fdf2ff8c5d03100a22deb6dd2b4e81"
"Marietta Bjornberg","marietta.bjornberg@example.com","Customer Support","c6826bf03710200044e0bfc8bcbe5d3e"
"Laurie Bibbs","laurie.bibbs@example.com","Customer Support","c6826bf03710200044e0bfc8bcbe5d47"
"Latisha Bahls","latisha.bahls@example.com","Customer Support","c6826bf03710200044e0bfc8bcbe5d54"
"Meredith Ivrin","meredith.ivrin@example.com","Customer Support","c6826bf03710200044e0bfc8bcbe5d5d"
"Lamar Mckibben","lamar.mckibben@example.com","Customer Support","c6826bf03710200044e0bfc8bcbe5d63"
"Shelley Groden","shelley.groden@example.com","Customer Support","c6826bf03710200044e0bfc8bcbe5d6c"
"Jacklyn Emayo","jacklyn.emayo@example.com","Customer Support","c6826bf03710200044e0bfc8bcbe5d75"
"Lucien Iurato","lucien.iurato@example.com","Development","c6826bf03710200044e0bfc8bcbe5d7e"
"Candice Bruckman","candice.bruckman@example.com","Development","c6826bf03710200044e0bfc8bcbe5d87"
"Reva Lecates","reva.lecates@example.com","Finance","c6826bf03710200044e0bfc8bcbe5d90"
"Petra Clemmens","petra.clemmens@example.com","Sales","c782abf03710200044e0bfc8bcbe5d41"
"cab approver","cab.approver@example.com","","c97024fe53271300e321ddeeff7b1233"
"Annie Approver","annie.approver@example.com","Finance","c9884ac30a0a0bdb3879454e8f02774e"
"Josephine Sotlar","josephine.sotlar@example.com","Customer Support","ca826bf03710200044e0bfc8bcbe5d40"
"Clarice Knower","clarice.knower@example.com","Customer Support","ca826bf03710200044e0bfc8bcbe5d56"
"Lynn Saulsberry","lynn.saulsberry@example.com","Customer Support","ca826bf03710200044e0bfc8bcbe5d5f"
"Guillermo Tsang","guillermo.tsang@example.com","Customer Support","ca826bf03710200044e0bfc8bcbe5d65"
"Ofelia Sheffler","ofelia.sheffler@example.com","Customer Support","ca826bf03710200044e0bfc8bcbe5d6e"
"Fannie Steese","fannie.steese@example.com","Customer Support","ca826bf03710200044e0bfc8bcbe5d77"
"Karla Ken","karla.ken@example.com","Development","ca826bf03710200044e0bfc8bcbe5d80"
"Alva Pennigton","alva.pennigton@example.com","Development","ca826bf03710200044e0bfc8bcbe5d89"
"Bridgett Retort","bridgett.retort@example.com","Finance","ca826bf03710200044e0bfc8bcbe5d92"
"Incident Manageratf","Incident.Manageratf@example.com","Sales","cae9ddbedbd313001d47765f369619bd"
"Elmo Dagenais","elmo.dagenais@example.com","Sales","cb82abf03710200044e0bfc8bcbe5d43"
"Gregg Guevarra","gregg.guevarra@example.com","Customer Support","ce826bf03710200044e0bfc8bcbe5d42"
"Vince Ettel","vince.ettel@example.com","Customer Support","ce826bf03710200044e0bfc8bcbe5d58"
"Darrel Tork","darrel.tork@example.com","Customer Support","ce826bf03710200044e0bfc8bcbe5d67"
"Marianne Earman","marianne.earman@example.com","Customer Support","ce826bf03710200044e0bfc8bcbe5d70"
"Armando Papik","armando.papik@example.com","Customer Support","ce826bf03710200044e0bfc8bcbe5d79"
"Felipe Gould","felipe.gould@example.com","Development","ce826bf03710200044e0bfc8bcbe5d82"
"Courtney Shishido","courtney.shishido@example.com","Finance","ce826bf03710200044e0bfc8bcbe5d8b"
"Diann Burigsay","diann.burigsay@example.com","Finance","ce826bf03710200044e0bfc8bcbe5d94"
"Tash Dubrovska","tash.dubrovska@example.com","Development","cf1ec0b4530360100999ddeeff7b129f"
"Robbie Deshay","robbie.deshay@example.com","Sales","cf82abf03710200044e0bfc8bcbe5d3c"
"Danette Fostervold","danette.fostervold@example.com","Finance","d2826bf03710200044e0bfc8bcbe5d9c"
"Waldo Sisk","waldo.sisk@example.com","HR","d2826bf03710200044e0bfc8bcbe5da5"
"Luciano Truiolo","luciano.truiolo@example.com","IT","d2826bf03710200044e0bfc8bcbe5dae"
"Maryann Garnette","maryann.garnette@example.com","IT","d2826bf03710200044e0bfc8bcbe5db7"
"Mellissa Sule","mellissa.sule@example.com","IT","d2826bf03710200044e0bfc8bcbe5dc0"
"Barbara Hindley","barbara.hindley@example.com","IT","d2826bf03710200044e0bfc8bcbe5dc9"
"Eddie Gauer","eddie.gauer@example.com","IT","d2826bf03710200044e0bfc8bcbe5dd2"
"Benchmark Scheduler","","","d3383a875b0132003d1c484c11f91a5b"
"Problem Manager","problem.manager@example.com","","d3dbbf173b331300ad3cc9bb34efc466"
"Germaine Bruski","germaine.bruski@example.com","Finance","d6826bf03710200044e0bfc8bcbe5d99"
"Rebekah Lindboe","rebekah.lindboe@example.com","HR","d6826bf03710200044e0bfc8bcbe5d9e"
"Steve Schorr","steve.schorr@example.com","HR","d6826bf03710200044e0bfc8bcbe5da7"
"Darrel Ruffins","darrel.ruffins@example.com","IT","d6826bf03710200044e0bfc8bcbe5db0"
"Judi Kivel","judi.kivel@example.com","IT","d6826bf03710200044e0bfc8bcbe5db9"
"Lina Hybarger","lina.hybarger@example.com","IT","d6826bf03710200044e0bfc8bcbe5dc2"
"Pat Hoshaw","pat.hoshaw@example.com","IT","d6826bf03710200044e0bfc8bcbe5dcb"
"ATF User","ATF.User@example.com","","d8f57f140b20220050192f15d6673a98"
"Melissa Pena","","","d999e5fc77e72300454792718a10611d"
"Walton Schwallie","walton.schwallie@example.com","HR","da826bf03710200044e0bfc8bcbe5da0"
"Roxie Varenhorst","roxie.varenhorst@example.com","IT","da826bf03710200044e0bfc8bcbe5da9"
"Tori Villaescusa","tori.villaescusa@example.com","IT","da826bf03710200044e0bfc8bcbe5db2"
"Bridget Bottella","bridget.bottella@example.com","IT","da826bf03710200044e0bfc8bcbe5dbb"
"Jade Erlebach","jade.erlebach@example.com","IT","da826bf03710200044e0bfc8bcbe5dc4"
"Vernice Resendes","vernice.resendes@example.com","IT","da826bf03710200044e0bfc8bcbe5dcd"
"Arya Hajarha","arya.hajarha@example.com","Development","dc6053dcd7011200f2d224837e6103e0"
"Certification Admin","certification.admin@example.com","","dd9b3742c37030009b5efcfc5bba8fb6"
"Reginald Lunan","reginald.lunan@example.com","HR","de826bf03710200044e0bfc8bcbe5da2"
"Virgil Chinni","virgil.chinni@example.com","IT","de826bf03710200044e0bfc8bcbe5dab"
"Robin Grotz","robin.grotz@example.com","IT","de826bf03710200044e0bfc8bcbe5db4"
"Sherwood Detillier","sherwood.detillier@example.com","IT","de826bf03710200044e0bfc8bcbe5dbd"
"Devon Samrah","devon.samrah@example.com","IT","de826bf03710200044e0bfc8bcbe5dc6"
"Mayme Staub","mayme.staub@example.com","IT","de826bf03710200044e0bfc8bcbe5dcf"
"Wes Fontanella","wes.fontanella@example.com","IT","e2826bf03710200044e0bfc8bcbe5dd7"
"Barton Friesner","barton.friesner@example.com","IT","e2826bf03710200044e0bfc8bcbe5de0"
"Hanna Cinkan","hanna.cinkan@example.com","Product Management","e2826bf03710200044e0bfc8bcbe5de9"
"ATF_TestItilUser2 ATF_TestItilUser2","","","e41683a80b982300cac6c08393673a11"
"Margot Arenburg","margot.arenburg@example.com","IT","e6826bf03710200044e0bfc8bcbe5dd9"
"Jannie Bowditch","jannie.bowditch@example.com","IT","e6826bf03710200044e0bfc8bcbe5de2"
"Bette Barcelona","bette.barcelona@example.com","Product Management","e6826bf03710200044e0bfc8bcbe5deb"
"Jonathon Waldall","jonathon.waldall@example.com","IT","ea826bf03710200044e0bfc8bcbe5ddb"
"Deshawn Inafuku","deshawn.inafuku@example.com","IT","ea826bf03710200044e0bfc8bcbe5de4"
"Nickolas Khosravi","nickolas.khosravi@example.com","Product Management","ea826bf03710200044e0bfc8bcbe5ded"
"Telemetry Sync User","telemetry.sync.user@example.com","","ed4e0a2883ea0310c5aac900feaad318"
"Lizzie Torregrossa","lizzie.torregrossa@example.com","IT","ee826bf03710200044e0bfc8bcbe5dd4"
"Garfield Lijewski","garfield.lijewski@example.com","IT","ee826bf03710200044e0bfc8bcbe5ddd"
"Bernard Laboy","bernard.laboy@example.com","IT","ee826bf03710200044e0bfc8bcbe5de6"
"Bart Hachey","bart.hachey@example.com","Product Management","ee826bf03710200044e0bfc8bcbe5def"
"Kasey Nguyen","kasey.nguyen@example.com","Customer Support","f1826bf03710200044e0bfc8bcbe5d21"
"Kris Persson","kris.persson@example.com","Customer Support","f1826bf03710200044e0bfc8bcbe5d2a"
"Kennith Kirklin","kennith.kirklin@example.com","Customer Support","f1826bf03710200044e0bfc8bcbe5d33"
"Rita Center","rita.center@example.com","Customer Support","f1826bf03710200044e0bfc8bcbe5d3c"
"Benjamin Schkade","benjamin.schkade@example.com","Product Management","f2826bf03710200044e0bfc8bcbe5df2"
"Maryjane Arata","maryjane.arata@example.com","Sales","f2826bf03710200044e0bfc8bcbe5dfb"
"Roseann Jerko","roseann.jerko@example.com","Sales","f282abf03710200044e0bfc8bcbe5d04"
"Tia Neumaier","tia.neumaier@example.com","Sales","f282abf03710200044e0bfc8bcbe5d12"
"Caitlin Reiniger","caitlin.reiniger@example.com","Sales","f282abf03710200044e0bfc8bcbe5d1b"
"Luella Pliner","luella.pliner@example.com","Sales","f282abf03710200044e0bfc8bcbe5d24"
"Pilar Suddeth","pilar.suddeth@example.com","Sales","f282abf03710200044e0bfc8bcbe5d2d"
"Leif Arguin","leif.arguin@example.com","Sales","f282abf03710200044e0bfc8bcbe5d36"
"Bow Ruggeri","bow.ruggeri@example.com","Development","f298d2d2c611227b0106c6be7f154bc8"
"Software Manager","","","f2c0b27247702000cdd1706eecde27c8"
"Owen Sparacino","owen.sparacino@example.com","Customer Support","f5826bf03710200044e0bfc8bcbe5d23"
"Damion Matkin","damion.matkin@example.com","Customer Support","f5826bf03710200044e0bfc8bcbe5d2c"
"Ed Gompf","ed.gompf@example.com","Customer Support","f5826bf03710200044e0bfc8bcbe5d35"
"Mariano Maury","mariano.maury@example.com","Product Management","f6826bf03710200044e0bfc8bcbe5df4"
"Roman Simone","roman.simone@example.com","Sales","f6826bf03710200044e0bfc8bcbe5dfd"
"Marion Gaulden","marion.gaulden@example.com","Sales","f682abf03710200044e0bfc8bcbe5d06"
"Sheila Holloran","sheila.holloran@example.com","Sales","f682abf03710200044e0bfc8bcbe5d14"
"Winnie Reich","winnie.reich@example.com","Sales","f682abf03710200044e0bfc8bcbe5d1d"
"Cristina Sharper","cristina.sharper@example.com","Sales","f682abf03710200044e0bfc8bcbe5d26"
"Lucius Winchester","lucius.winchester@example.com","Sales","f682abf03710200044e0bfc8bcbe5d2f"
"Johnie Minaai","johnie.minaai@example.com","Sales","f682abf03710200044e0bfc8bcbe5d38"
"Arron Ubhi","arron.ubhi@example.com","","f6911038530360100999ddeeff7b12b3"
"Change Manager","change.manager@example.com","","f8588956937002002dcef157b67ffb98"
"Ione Kucera","ione.kucera@example.com","Customer Support","f9826bf03710200044e0bfc8bcbe5d1c"
"Emilio Lampkin","emilio.lampkin@example.com","Customer Support","f9826bf03710200044e0bfc8bcbe5d25"
"Norman Betance","norman.betance@example.com","Customer Support","f9826bf03710200044e0bfc8bcbe5d2e"
"Ray Srock","ray.srock@example.com","Customer Support","f9826bf03710200044e0bfc8bcbe5d37"
"Approver User","approver@example.com","","fa6dd223ff02110053ccffffffffff06"
"Katina Survant","katina.survant@example.com","Sales","fa826bf03710200044e0bfc8bcbe5df6"
"Katina Ramano","katina.ramano@example.com","Sales","fa826bf03710200044e0bfc8bcbe5dff"
"Isabell Armout","isabell.armout@example.com","Sales","fa82abf03710200044e0bfc8bcbe5d08"
"Jeri Farstvedt","jeri.farstvedt@example.com","Sales","fa82abf03710200044e0bfc8bcbe5d0d"
"Randal Gansen","randal.gansen@example.com","Sales","fa82abf03710200044e0bfc8bcbe5d16"
"Rosalind Krenzke","rosalind.krenzke@example.com","Sales","fa82abf03710200044e0bfc8bcbe5d1f"
"Savannah Loffier","savannah.loffier@example.com","Sales","fa82abf03710200044e0bfc8bcbe5d28"
"Fabian Mcshaw","fabian.mcshaw@example.com","Sales","fa82abf03710200044e0bfc8bcbe5d31"
"Eldon Sutch","eldon.sutch@example.com","Sales","fa82abf03710200044e0bfc8bcbe5d3a"
"Darrell Amrich","darrell.amrich@example.com","Customer Support","fd826bf03710200044e0bfc8bcbe5d1e"
"Quintin Isacson","quintin.isacson@example.com","Customer Support","fd826bf03710200044e0bfc8bcbe5d27"
"Mac Marksberry","mac.marksberry@example.com","Customer Support","fd826bf03710200044e0bfc8bcbe5d30"
"Janice Twiet","janice.twiet@example.com","Customer Support","fd826bf03710200044e0bfc8bcbe5d39"
"Hillary Holmes","hillary.holmes@example.com","Sales","fe826bf03710200044e0bfc8bcbe5df8"
"Chase Furler","chase.furler@example.com","Sales","fe82abf03710200044e0bfc8bcbe5d01"
"Carol Krisman","carol.krisman@example.com","Sales","fe82abf03710200044e0bfc8bcbe5d0a"
"Morton Crummell","morton.crummell@example.com","Sales","fe82abf03710200044e0bfc8bcbe5d0f"
"Heath Vanalphen","heath.vanalphen@example.com","Sales","fe82abf03710200044e0bfc8bcbe5d18"
"Nadia Wilshire","nadia.wilshire@example.com","Sales","fe82abf03710200044e0bfc8bcbe5d21"
"Lacy Hyten","lacy.hyten@example.com","Sales","fe82abf03710200044e0bfc8bcbe5d2a"
"Son Marschke","son.marschke@example.com","Sales","fe82abf03710200044e0bfc8bcbe5d33"
